goal_id,total_nodes_sampled,total_tested,skipped_unreachable,admissible_cases,violations,violation_rate,maximum_overestimation,average_overestimation_violating,minimum_delta,maximum_delta
5564620678,3000,3000,0,3000,0,0.0,0.0,0.0,-307774.0607319941,0.0
4823668170,3000,3000,0,3000,0,0.0,0.0,0.0,-260555.50336042326,-646.2536260590241
7858285282,3000,3000,0,3000,0,0.0,0.0,0.0,-316031.09482065117,-1923.7519413614395
9805619703,3000,3000,0,3000,0,0.0,0.0,0.0,-272817.67008407303,-6875.113306812445
6646102406,3000,3000,0,3000,0,0.0,0.0,0.0,-258072.41041333234,-2197.0658961060126
