algorithm_name,total_path_cost,total_path_length,nodes_expanded,execution_time,average_traffic,average_accident_risk,average_bumpiness,average_safety,cumulative_safety,cumulative_contextual_penalty,safe_passage_score
A* search,26927.371948637523,12976.42702742783,14315.833333333334,0.07532361459258634,0.6673904769492757,0.5086190628228786,0.2609138788029703,0.4932905497431839,62.80336646120039,99.17508035251802,-0.8233901758981128
Greedy best-first search,36401.1718006292,18044.711687621195,3597.1666666666665,0.016435086814453825,0.6494227794035047,0.47406031773448726,0.29129070487424485,0.5098848663368559,81.85232554301054,120.38520546654941,-0.7708364075587811
Weighted A*,27401.537589460277,13280.563794484711,9204.583333333334,0.05138823948800564,0.6656203007566844,0.502846247175153,0.26915670811052156,0.49505944456331386,64.19658154466804,99.99961847288347,-0.8186237228766834
