algorithm_name,total_path_cost,total_path_length,nodes_expanded,execution_time,average_traffic,average_accident_risk,average_bumpiness,average_safety,cumulative_safety,cumulative_contextual_penalty,safe_passage_score
A* search,556763.6659521776,288942.257310922,2287599.0,13.279630874982104,0.6196983863683103,0.4937476265038225,0.34913105988285487,0.49739045886102473,379.50892011096187,620.272543947186,-0.8129391139543722
Greedy best-first search,806046.9837308822,424492.96150545176,681405.0,4.177095124963671,0.590129009613361,0.4362467958838994,0.3818355198318373,0.5284707952076746,598.2289401750876,805.5516901234201,-0.7116181008157422
Weighted A*,598334.2210744675,310401.59873349563,2337141.0,13.41531470802147,0.592653408223399,0.46318347253256875,0.39747774834322114,0.5111166915980517,325.0702158563609,489.885261162271,-0.7702598445947656
