pair_id,start_node,goal_node,algorithm_name,weight,path_found,total_path_cost,nodes_expanded,execution_time,total_path_length,average_traffic,average_accident_risk,average_bumpiness,average_safety,cumulative_safety,cumulative_contextual_penalty,safe_passage_score
1,12620788085,4594175828,Greedy best-first search,,True,806046.9837308822,681405,8.198187333007809,424492.96150545176,0.590129009613361,0.4362467958838994,0.3818355198318373,0.5284707952076746,598.2289401750876,805.5516901234201,-0.7116181008157422
1,12620788085,4594175828,A* search,,True,556763.6659521776,2287599,17.192179540987127,288942.257310922,0.6196983863683103,0.4937476265038225,0.34913105988285487,0.49739045886102473,379.50892011096187,620.272543947186,-0.8129391139543722
1,12620788085,4594175828,Weighted A*,1.5,True,598334.2210744675,2337141,16.059087333036587,310401.59873349563,0.592653408223399,0.46318347253256875,0.39747774834322114,0.5111166915980517,325.0702158563609,489.885261162271,-0.7702598445947656
1,12620788085,4594175828,Uniform cost search,,True,556763.6659521776,114406,0.6373722500284202,288942.257310922,0.6196983863683103,0.4937476265038225,0.34913105988285487,0.49739045886102473,379.50892011096187,620.272543947186,-0.8129391139543722
